origem,destino,codigo
/bacio-di-latte-suporte-dedicado/,/cases/bacio-di-latte/,301
/start-estrutural/,/cases/linea-alimentos/,301
/cbpq-reformulacao-ux/,/cases/cbpq/,301
/branding-web/,/cases/stw-brasil/,301
/agencia-jaya-marketing-em-alto-nivel/,/cases/agencia-jaya/,301
/genera-conheca-sua-origem/,/cases/genera/,301
/estrutura-web-para-estetica-e-bem-estar/,/cases/instituto-ricco-porto/,301
/instituto-long-tao-mega-institucional-area-ead/,/cases/instituto-long-tao/,301
/forte-interface-criativa/,/cases/ideale-treinamentos/,301
/metodologia-digital-em-drones/,/cases/droneng/,301
/novos-pacientes-em-foco/,/cases/loren-andrade/,301
/conteudo-para-treinar-sua-equipe-com-games/,/cases/ogg/,301
/para-aquele-happy-hour-tao-esperado/,/cases/oliva-pizzaria/,301
/contabilidade-facil-temos/,/cases/marka-contabilidade/,301
/criacao-de-site-berti-promocional/,/cases/berti-promocional/,301
/prestacao-de-contas-com-transparencia/,/cases/instituto-nossa-senhora-da-vitoria/,301
/empatize-online-empatia-nos-negocios/,/cases/,301
/gilian-follador-parceria-na-sua-jornada/,/cases/,301
/medicina-tradicional-chinesa-no-ar/,/cases/,301
/reposicao-de-carreira-com-autoconfianca/,/cases/,301
/rk-guardanapos-personalizados/,/cases/,301
/category/cases/,/cases/,301
/como-potencializar-a-sua-marca-com-o-blog-marketing/,/blog/como-potencializar-a-sua-marca-com-o-blog-marketing/,301
/6-motivos-que-mostram-a-importancia-de-ter-um-site-para-o-seu-negocio/,/blog/6-motivos-que-mostram-a-importancia-de-ter-um-site-para-o-seu-negocio/,301
/category/negocios/,/blog/categoria/negocios/,301
/category/performance/,/blog/categoria/performance/,301
/category/trafego/,/blog/categoria/trafego/,301
/author/workdigital/,/bio/,301
/criacao-de-site/,/solucoes/,301
/criacao-de-blog/,/solucoes/,301
/criacao-de-landing-pages/,/solucoes/,301
/en/,/,302
/en/blog-design/,/,302
/en/career-reposition-with-self-confidence/,/,302
/en/cases-2/,/,302
/en/category/cases-en/,/,302
/en/contact/,/,302
/en/content-to-train-your-team-with-games/,/,302
/en/dedicated-support/,/,302
/en/digital-methodology-in-drones/,/,302
/en/easy-accounting-we-have-it/,/,302
/en/empathy-in-business/,/,302
/en/get-to-know-your-ancestry/,/,302
/en/high-level-marketing/,/,302
/en/landing-pages-design/,/,302
/en/mega-institutional-portal-distance-learning-portal/,/,302
/en/new-patients-in-focus/,/,302
/en/online-branding/,/,302
/en/partnership-in-your-journey/,/,302
/en/personalizing-your-brand-quickly/,/,302
/en/reporting-with-transparency/,/,302
/en/sophistication-and-quality-on-paper/,/,302
/en/strong-and-creative-interface/,/,302
/en/structure-start/,/,302
/en/the-so-expected-happy-hour/,/,302
/en/traditional-chinese-medicine-in-the-air/,/,302
/en/ux-reformulation/,/,302
/en/web-design/,/,302
/en/web-structure-to-beauty-and-welfare/,/,302
